{
  "timestamp": "2025-08-09T17:04:58.094295",
  "portfolios": {
    "gmv": {
      "weights": [
        0.005834214841980047,
        1.2639916433860659e-18,
        6.54657862175332e-18,
        3.278673343700528e-17,
        0.011941635625523675,
        9.568880231521438e-16,
        0.9121121626104912,
        0.0,
        0.0701119869220045,
        0.0
      ],
      "return": 0.007841131373462148,
      "volatility": 0.06515427001393054
    },
    "ew": {
      "weights": [
        0.1,
        0.1,
        0.1,
        0.1,
        0.1,
        0.1,
        0.1,
        0.1,
        0.1,
        0.1
      ],
      "return": 0.27989409816749083,
      "volatility": 0.21703142718578083
    },
    "msr": {
      "weights": [
        5.30715985478292e-17,
        0.13438701549140405,
        0.02725480159585201,
        1.589754118019748e-17,
        0.0,
        0.0,
        2.901795521838872e-17,
        0.2924767965519296,
        0.5458813863608144,
        0.0
      ],
      "return": 0.37464314671899057,
      "volatility": 0.23276020980922252
    },
    "user": {
      "weights": [
        0.15,
        0.2,
        0.2,
        0.0,
        0.15,
        0.0,
        0.0,
        0.2,
        0.05,
        0.05
      ],
      "return": 0.4916130266259369,
      "volatility": 0.3637361253949009
    }
  },
  "monte_carlo": {
    "scenarios": 1000,
    "mean_wealth": 3814.3108239528483,
    "median_wealth": 3530.682838418865
  },
  "visualizations": {
    "generated_files": [
      "portfolio_growth_interactive.html",
      "efficient_frontier_interactive.html",
      "monte_carlo_trajectories.html",
      "msr_portfolio_treemap.html"
    ]
  }
}